product_1,product_1_title,product_1_img,product_2,product_2_title,product_2_img,human,ai,ai_reason
FSGP1124,"Ashlock 37"" Single Bathroom Vanity Set",https://secure.img1-fg.wfcdn.com/lf/unprocessed/hash/0/120596352/1/c.jpg,DBYH1941,Aquala 4-Light Dimmable Vanity Light,https://secure.img1-fg.wfcdn.com/lf/unprocessed/hash/0/124805413/1/c.jpg,Yes,Yes,Both items share a strong traditional and ornate aesthetic. The vanity's rich mahogany finish and carved details are complemented by the light fixture's dark bronze finish and scrolled arms.
MXYO1023,Fontanez Farmhouse Wood Bathroom Wall Mirror,https://secure.img1-fg.wfcdn.com/lf/unprocessed/hash/0/256420331/1/c.jpg,SGRV1223,"Curiel 36"" Single Bathroom Vanity",https://secure.img1-fg.wfcdn.com/lf/unprocessed/hash/0/293601369/1/c.jpg,Yes,Yes,"Both pieces share a modern farmhouse aesthetic. The black wood frame of the mirror coordinates perfectly with the black hardware on the white wash vanity, creating a cohesive and classic look."
SGRV1169,"Rosana 36"" Single Bathroom Vanity",https://secure.img1-fg.wfcdn.com/lf/unprocessed/hash/0/287178139/1/c.jpg,ADRL1898,"Gracie Oaks 24"" Farmhouse Wall Cabinet, Sliding Barn Door & Adjustable Shelf",https://secure.img1-fg.wfcdn.com/lf/unprocessed/hash/0/293377879/1/c.jpg,No,Yes,"Both pieces share a distinct modern farmhouse aesthetic. The vanity's clean lines, slatted shelf, and farmhouse sink pair well with the wall cabinet's rustic gray wood finish, sliding barn door, and black metal hardware. The mix of white, gray, and black is a classic farmhouse color palette."
ANDV4025,"Ayden Solid Bamboo Wood 47"" Tall Linen Cabinet",https://secure.img1-fg.wfcdn.com/lf/unprocessed/hash/0/104876021/1/c.jpg,FV76266,"Haywa Hand Loomed Jute, Cotton Southwestern Rug",https://secure.img1-fg.wfcdn.com/lf/unprocessed/hash/0/111009530/1/c.jpg,No,No,"While the natural, earthy tones of the bamboo cabinet and the jute rug are visually complementary, a jute rug is not functionally suitable for a damp bathroom environment. Jute is highly absorbent and slow to dry, making it prone to mold and mildew, which conflicts with the intended use of the bathroom linen cabinet."
VISQ2773,Hearts Bath Mat Graphics Bathroom Decor Bohemian Boho,https://secure.img1-fg.wfcdn.com/lf/unprocessed/hash/0/344111252/1/c.jpg,WIYU1077,Kylann Rattan Freestanding Bathroom Cabinet with Drawer & Adjustable Shelves,https://secure.img1-fg.wfcdn.com/lf/unprocessed/hash/0/298172736/1/c.jpg,Yes,No,"While both items are described as 'Boho', they represent conflicting sub-styles. The bath mat's playful, graphic, and colorful 'kawaii' heart pattern clashes with the serene, sophisticated, and natural aesthetic of the light wood and rattan cabinet."
DNB10050,Usher Rustic Industrial Wood-Framed Wall Mount Barn Door Mirror with Shelf,https://secure.img1-fg.wfcdn.com/lf/unprocessed/hash/0/89082065/1/c.jpg,EESH1023,"Cayden 36"" Single Bathroom Vanity Set",https://secure.img1-fg.wfcdn.com/lf/unprocessed/hash/0/283937690/1/c.jpg,No,Yes,"Both pieces share a distinct farmhouse style, characterized by their rustic wood finishes and prominent black, barn door-style hardware. They are designed to create a cohesive look in a bathroom."
UNRS6527, Rustic 8 Piece Bathroom Accessory Set,https://secure.img1-fg.wfcdn.com/lf/unprocessed/hash/0/64831586/1/c.jpg,CSWY4484,"Hakana 17"" W x 72"" H x 16"" D Free-Standing Bathroom Cabinet",https://secure.img1-fg.wfcdn.com/lf/unprocessed/hash/0/273158173/1/c.jpg,Yes,No,"The modern, geometric, stone-textured accessory set has a completely different aesthetic from the traditional, off-white farmhouse cabinet. The styles would clash and create a visually incoherent bathroom design."
MBXS1025,Louise Bathroom Accessory Set,https://secure.img1-fg.wfcdn.com/lf/unprocessed/hash/0/272083293/1/c.jpg,LVRG2687,"Areta Wall-Mounted Bathroom Organizer, Medicine Cabinet, Or Over-The-Toilet Storage With Stylish Shutter Doors And Towel Bar, White",https://secure.img1-fg.wfcdn.com/lf/unprocessed/hash/0/299901736/1/c.jpg,No,No,"The glamorous, Art Deco style of the fluted glass and gold accessory set clashes with the rustic, farmhouse aesthetic of the white shuttered cabinet. The materials and design languages are too dissimilar to create a cohesive look."
FOW16611,"Render 48"" Single Sink Bathroom Vanity",https://secure.img1-fg.wfcdn.com/lf/unprocessed/hash/0/223232087/1/c.jpg,XTBG7030,Hirst Modern Japandi Cream Boucle Fabric And Walnut Brown Finished Wood 2-Piece Bar Stool Set,https://secure.img1-fg.wfcdn.com/lf/unprocessed/hash/0/329516689/1/c.jpg,No,No,A bathroom vanity and bar stools serve fundamentally different functions and would not be placed in the same room.
SUIZ6651,Art Deco Shower Curtain,https://secure.img1-fg.wfcdn.com/lf/unprocessed/hash/0/296934180/1/c.jpg,CBOZ3506,Bathroom Art Deco Glam - Bathroom Print On Natural Pine Wood,https://secure.img1-fg.wfcdn.com/lf/unprocessed/hash/0/259114510/1/c.jpg,No,No,"Although both items are labeled 'Art Deco', their color palettes and patterns are in direct conflict. The shower curtain's dark, moody green and gold would clash with the wall art's bright, multi-colored, stained-glass effect, creating a visually jarring and incoherent space."
DRVQ1270,"Juniper 24"" Floating Minimalist Bathroom Sink with Concealed Drain",https://secure.img1-fg.wfcdn.com/lf/unprocessed/hash/0/259064127/1/c.jpg,SFTA8001,Animals Funny Bathroom Decor Black and White Highland Cow Sit On Toilet Large Framed Canvas Print Wall Art,https://secure.img1-fg.wfcdn.com/lf/unprocessed/hash/0/274985329/1/c.jpg,No,Yes,"Both pieces share a modern, monochromatic color scheme. The sleek, minimalist design of the gray sink provides a perfect neutral backdrop for the humorous and graphic black and white wall art, creating a contemporary bathroom with a touch of personality."
BCZX1253,Anelie 42'' Single Bathroom Vanity With Concrete Top,https://secure.img1-fg.wfcdn.com/lf/unprocessed/hash/0/284305156/1/c.jpg,ZCBO1014,Shoji 1 -Light Dimmable LED Vanity Light,https://secure.img1-fg.wfcdn.com/lf/unprocessed/hash/0/292036231/1/c.jpg,Yes,No,"The clean, modern lines and natural wood finish of the vanity clash with the heavily distressed, antiqued ""silver foil"" finish of the light fixture. The sleek, matte black hardware on the vanity is stylistically at odds with the rustic, weathered texture of the light."
HBYH9933,Boho Bath II - Painting Print on Canvas,https://secure.img1-fg.wfcdn.com/lf/unprocessed/hash/0/144294375/1/c.jpg,BCVG5150,Wood Bathroom Accessory Tray,https://secure.img1-fg.wfcdn.com/lf/unprocessed/hash/0/231134066/1/c.jpg,Yes,Yes,"Both items share a relaxed, non-modern aesthetic suitable for a bathroom. The rustic, whitewashed finish of the tray complements the eclectic and vintage elements seen in the 'Boho Bath' painting, creating a cohesive, layered look."
NDPJ1766,Kaylee Sahara Boho Stain/Fade Resistant Non-Slip Machine Washable Gray/Ivory Bath Rug,https://secure.img1-fg.wfcdn.com/lf/unprocessed/hash/0/346037708/1/c.jpg,WYRV5930,Boho Bath II,https://secure.img1-fg.wfcdn.com/lf/unprocessed/hash/0/222999093/1/c.jpg,Yes,Yes,"Both pieces share a clear Boho aesthetic. The geometric, diamond pattern on the bath rug is very similar to the rug depicted in the wall art, creating a cohesive and intentional look for a bathroom."
MECY2637,"Decorative Wall Mirror Mosaic 24"" Round Handcrafted Wall Art Colorful Glass Tile Décor For Home",https://secure.img1-fg.wfcdn.com/lf/unprocessed/hash/0/218398774/1/c.jpg,PBYB1283,Luxton Turkish Cotton Pom Pom Rainbow Hand Towel,https://secure.img1-fg.wfcdn.com/lf/unprocessed/hash/0/168994874/1/c.jpg,No,No,"These two items have clashing styles and color palettes. The mirror is glamorous and sophisticated with its cool-toned blue and silver mosaic pattern. The towel is bohemian and playful with a vibrant, multi-colored rainbow design. Placing them together would create a visually jarring and incoherent look."
AHCR1426,Faelan Summer Flower 3 Piece Bathroom Accessory Set,https://secure.img1-fg.wfcdn.com/lf/unprocessed/hash/0/219567399/1/c.jpg,YTCH1222,"Brigit Free-Standing Bathroom Cabinet with Adjustable Shelf, 3 Drawers and a Niche",https://secure.img1-fg.wfcdn.com/lf/unprocessed/hash/0/315293304/1/c.jpg,Yes,No,"The playful, modern, and colorful floral design of the accessory set clashes with the more traditional, coastal/farmhouse style of the cabinet. The whimsical, rounded shapes of the accessories would look out of place against the structured, rectilinear lines and shiplap paneling of the cabinet."
NRST1010,Premium Teak String Rectangle Teak and Wood Bath Mat,https://secure.img1-fg.wfcdn.com/lf/unprocessed/hash/0/123762424/1/c.jpg,FRNY2548,"Baldwin 24"" Single Bathroom Vanity Set",https://secure.img1-fg.wfcdn.com/lf/unprocessed/hash/0/276370791/1/c.jpg,Yes,Yes,"The natural, warm teak of the bath mat provides a beautiful organic contrast to the cool blue, modern vanity. Both pieces share a clean-lined, contemporary aesthetic, with the Nordic style of the mat complementing the vanity's streamlined, mid-century modern-inspired silhouette."
FOW16651,"Modway Render 36"" Single Bathroom Vanity Base Only",https://secure.img1-fg.wfcdn.com/lf/unprocessed/hash/0/223234377/1/c.jpg,WLDM8232,Ayden Solid Bamboo Wood Freestanding Bathroom Cabinet,https://secure.img1-fg.wfcdn.com/lf/unprocessed/hash/0/125714492/1/c.jpg,No,Yes,"Both pieces share a modern, slatted door design and clean, simple silhouettes. The combination of a crisp white finish and natural bamboo is a classic pairing in contemporary and spa-inspired bathroom designs, creating a cohesive and serene look."
AHCR1159,Hovey 4 Piece Bathroom Accessory Set,https://secure.img1-fg.wfcdn.com/lf/unprocessed/hash/0/131019266/1/c.jpg,SFNA1000,"Hannemarie Wall Mounted Single Bathroom Vanity with Ceramic Top, Modern Luxury Vanity with Storage, Eco-Friendly E1 for Small Bathroom, Apartment, Hotel Style",https://secure.img1-fg.wfcdn.com/lf/unprocessed/hash/0/354505857/1/c.jpg,Yes,Yes,"Both products share a modern aesthetic defined by prominent textural details—horizontal bands on the accessory set and vertical fluting on the vanity. They also share a common material language, combining natural wood tones with a light, neutral top (beige stone-look resin and white ceramic), which creates a cohesive and sophisticated look."
FOW11824,"Render 36"" Bathroom Vanity",https://secure.img1-fg.wfcdn.com/lf/unprocessed/hash/0/132812277/1/c.jpg,BCVG2238,Kowalsky Bathroom Accessory Tray,https://secure.img1-fg.wfcdn.com/lf/unprocessed/hash/0/136064117/1/c.jpg,No,No,"The vanity is distinctly Mid-century Modern with its clean lines, tapered legs, and slatted front. The accessory tray, with its dark rustic finish and ornate, antique-style metal handles, belongs to a more traditional or farmhouse aesthetic. The two styles clash and would not create a cohesive look."
SFNA1084,"Motohisa 30"" Striped Walnut Single Bathroom Vanity with Ceramic Top, Modern Wood Vanity with 2-Door Storage for Master Bathroom, Apartment & Hotel Style",https://secure.img1-fg.wfcdn.com/lf/unprocessed/hash/0/361167805/1/c.jpg,CXVA1460,"Bonnita 26"" Wide Mid Century Upholstered Accent Chair with an Extra Pillow",https://secure.img1-fg.wfcdn.com/lf/unprocessed/hash/0/341892131/1/c.jpg,No,No,"While both pieces share a strong Mid-Century Modern aesthetic with tapered wood legs and clean lines, they serve fundamentally different functions. A bathroom vanity and an accent chair are not typically placed in the same room, making the pairing functionally incompatible."
FOW12702,"Modway Ledger 36"" Bathroom Vanity",https://secure.img1-fg.wfcdn.com/lf/unprocessed/hash/0/221811997/1/c.jpg,AXEN1369,Mid-Century Modern Coffee Table with Storage and Slatted Sliding Doors,https://secure.img1-fg.wfcdn.com/lf/unprocessed/hash/0/339973453/1/c.jpg,No,No,"Although both pieces share a mid-century modern style with slatted wood doors, a bathroom vanity and a coffee table serve fundamentally different functions and would not be placed in the same room."
KFBM2150,Hopperton Floral Single Shower Curtain,https://secure.img1-fg.wfcdn.com/lf/unprocessed/hash/0/268781109/1/c.jpg,BDJC1922,Hayler Lotion Pump,https://secure.img1-fg.wfcdn.com/lf/unprocessed/hash/0/188342396/1/c.jpg,No,No,"The styles of these two floral items are completely different. The shower curtain is bold, abstract, and maximalist with a vibrant, multi-colored palette. The lotion pump is traditional, delicate, and features a muted, controlled color scheme of yellow, grey, and off-white. Placing them together would create a jarring visual conflict."
HTBM1285,Tiarra 5 Piece Bathroom Hardware Set,https://secure.img1-fg.wfcdn.com/lf/unprocessed/hash/0/83989244/1/c.jpg,KTEL6134,Wildon Home® Domitilla Tall 2-Door Bath Cabinet 22X28,https://secure.img1-fg.wfcdn.com/lf/unprocessed/hash/0/266805305/1/c.jpg,Yes,Yes,"Both products share a dark, near-black finish and clean, modern silhouettes. The industrial-inspired hardware set complements the contemporary, textured design of the black cabinet, creating a cohesive look suitable for a modern or transitional bathroom."
DFIE1287,"Eiffe 27.25"" W x 73"" H x 11"" D Over-The-Toilet Storage",https://secure.img1-fg.wfcdn.com/lf/unprocessed/hash/0/89946241/1/c.jpg,ASGA2745,"Truet 54"" Double Bathroom Vanity Set",https://secure.img1-fg.wfcdn.com/lf/unprocessed/hash/0/4255712/1/c.jpg,No,No,"These two pieces have clashing styles. The over-the-toilet storage is modern and minimalist with its clean lines and sleek metal frame, while the vanity is heavily ornate, traditional, and Victorian with its intricate wood carvings and bulky silhouette."
ARGD8810,"Burnet 48"" Single Bathroom Vanity Set",https://secure.img1-fg.wfcdn.com/lf/unprocessed/hash/0/37561065/1/c.jpg,EBPS5366,"4.5 Gallon Vintage Metal Step On Trash Can With Lid, Rustic Farmhouse Metal Bin",https://secure.img1-fg.wfcdn.com/lf/unprocessed/hash/0/316112709/1/c.jpg,Yes,Yes,"Both pieces share a strong French Country aesthetic. The vanity's ornate carvings and traditional silhouette are complemented by the trash can's vintage, distressed finish and French-inspired graphic. Their similar off-white color palettes would create a cohesive and elegant bathroom design."
XETU1035,"Wagstaff 23.62"" W x 31.89"" H x 12.4"" D Free-Standing Bathroom Cabinet",https://secure.img1-fg.wfcdn.com/lf/unprocessed/hash/0/207934895/1/c.jpg,BBCB1148,"Timeless Classic 64"" Double Bathroom Vanity Set",https://secure.img1-fg.wfcdn.com/lf/unprocessed/hash/0/156608067/1/c.jpg,No,No,"The simple, straight-lined design and beadboard doors of the corner cabinet clash with the ornate, curved silhouette and detailed carvings of the traditional vanity. The hardware finishes and wood tones also conflict, creating a disjointed look."
EESH1024,"Cayden 30"" Single Bathroom Vanity Set",https://secure.img1-fg.wfcdn.com/lf/unprocessed/hash/0/243936850/1/c.jpg,WLDM8232,Ayden Solid Bamboo Wood Freestanding Bathroom Cabinet,https://secure.img1-fg.wfcdn.com/lf/unprocessed/hash/0/125714492/1/c.jpg,No,No,"The heavy, rustic farmhouse style of the vanity, characterized by its dark distressed wood and black barn door hardware, clashes with the light, airy, and modern spa-like aesthetic of the natural bamboo cabinet with its slatted doors."
FDL2091,"Cleary 32"" W x 36"" H x 8"" D Solid Wood Wall Mounted Bathroom Cabinet",https://secure.img1-fg.wfcdn.com/lf/unprocessed/hash/0/0/1/c.jpg,LLML1027,Keturah Solid Wood Standard Bed,https://secure.img1-fg.wfcdn.com/lf/unprocessed/hash/0/36987998/1/c.jpg,No,No,"A bathroom cabinet and a bed serve fundamentally different functions and are designed for separate rooms. Additionally, the dark, reddish-stained finish of the cabinet clashes with the light, natural finish of the cedar log bed."
WYRV5930,Boho Bath II,https://secure.img1-fg.wfcdn.com/lf/unprocessed/hash/0/222999093/1/c.jpg,ANDV4024,Ayden Solid Bamboo Wood Freestanding Linen Cabinet,https://secure.img1-fg.wfcdn.com/lf/unprocessed/hash/0/124427745/1/c.jpg,Yes,Yes,"Both pieces contribute to a relaxed, spa-like bathroom aesthetic. The natural bamboo of the cabinet provides a neutral, textural foundation that complements the colorful and eclectic elements in the Boho-style artwork."
AXOA1410,"Revan 49"" H Farmhouse Bed Frame With Sliding Barn Door Storage Cabinets",https://secure.img1-fg.wfcdn.com/lf/unprocessed/hash/0/307576174/1/c.jpg,SGRV1111,"Jillian 30"" Single Bathroom Vanity Set",https://secure.img1-fg.wfcdn.com/lf/unprocessed/hash/0/151232667/1/c.jpg,No,No,A bed frame and a bathroom vanity are designed for different rooms (bedroom vs. bathroom) and cannot functionally coexist in the same space.
RDM10010,Mcgonigal Bamboo 4 Piece Bathroom Accessory Set,https://secure.img1-fg.wfcdn.com/lf/unprocessed/hash/0/98254300/1/c.jpg,SGRE4765,"48"" Novak Single Bathroom Vanity Set with Oval Undermount Sink",https://secure.img1-fg.wfcdn.com/lf/unprocessed/hash/0/226763389/1/c.jpg,No,No,"While both items are made of wood and have a modern aesthetic, their wood tones are not complementary. The light, yellow-toned bamboo of the accessory set clashes with the warm, reddish-brown wood of the Mid-Century Modern vanity, creating a visually disjointed look."
WIYU1077,Kylann Rattan Freestanding Bathroom Cabinet with Drawer & Adjustable Shelves,https://secure.img1-fg.wfcdn.com/lf/unprocessed/hash/0/298172736/1/c.jpg,KRTB1010,"Antonina 47.24"" Single Bathroom Vanity Set",https://secure.img1-fg.wfcdn.com/lf/unprocessed/hash/0/131608711/1/c.jpg,No,Yes,"Both pieces share a strong Mid-Century Modern aesthetic, characterized by their light wood finish and tapered, splayed legs. The vanity's clean white fronts and the cabinet's rattan door would create a harmonious and texturally interesting pairing in a modern, Scandi, or Japandi-style bathroom."
CCHM1015,Cervantez Bath Rug,https://secure.img1-fg.wfcdn.com/lf/unprocessed/hash/0/356763472/1/c.jpg,TTQ22238,"Capri 2 Light Bath Bar Shown In Brushed Nickel Finish With 6"" Turquoise Textured Glass",https://secure.img1-fg.wfcdn.com/lf/unprocessed/hash/0/276907698/1/c.jpg,Yes,No,"The warm, earthy color palette of the brown and beige striped rug clashes significantly with the cool, bright turquoise of the vanity light's glass shades. The styles are also incongruous, with the rug presenting a grounded, neutral aesthetic while the light fixture is a vibrant, coastal-inspired statement piece."
ODAA1206,Riccio Freestanding Over The Toilet Storage Cabinet with Sliding Fluted Door Adjustable Shelf,https://secure.img1-fg.wfcdn.com/lf/unprocessed/hash/0/288827395/1/c.jpg,FOW20321,Modway Soma 36'' Free Standing Single Bathroom Vanity with Manufactured Wood Top,https://secure.img1-fg.wfcdn.com/lf/unprocessed/hash/0/262668252/1/c.jpg,Yes,No,"The cool, solid dark gray finish and fluted texture of the storage cabinet clash with the warm walnut wood grain and natural rattan of the vanity. While both are modern, their specific styles (contemporary vs. mid-century/boho) and color palettes are too dissimilar to create a cohesive look."
HCHO1893,Almetter Freestanding Bathroom Cabinet with Drawers,https://secure.img1-fg.wfcdn.com/lf/unprocessed/hash/0/330624859/1/c.jpg,UIKE1014,"Millwood Pines Large Storage Cabinet,Bathroom Storage Cabinet With 2 Adjustable Drawers & 2 Shelf",https://secure.img1-fg.wfcdn.com/lf/unprocessed/hash/0/276839068/1/c.jpg,No,No,"While both cabinets share a similar structure with shaker-style doors, their finishes and hardware create a stylistic conflict. The first cabinet's light gray painted finish and glass doors give it a cottage or coastal feel, whereas the second cabinet's dark oak wood grain and modern black bar pulls lean more towards a rustic or modern farmhouse aesthetic. Placed together, these differences would create a jarring, uncoordinated look."
SGRV1014,"Jillian 36"" Single Bathroom Vanity Set",https://secure.img1-fg.wfcdn.com/lf/unprocessed/hash/0/277875410/1/c.jpg,YTCH1222,"Brigit Free-Standing Bathroom Cabinet with Adjustable Shelf, 3 Drawers and a Niche",https://secure.img1-fg.wfcdn.com/lf/unprocessed/hash/0/315293304/1/c.jpg,No,Yes,"Both pieces share a distinct coastal farmhouse aesthetic. The vanity's barn door and the cabinet's shiplap paneling are hallmarks of this style. The charcoal gray of the vanity and the crisp white of the cabinet create a classic, complementary color palette that would look intentional and cohesive in a bathroom."
ARQI1016,"Enely Coffee Table with Storage, Mid Century Modern Coffee Table with slatted Door",https://secure.img1-fg.wfcdn.com/lf/unprocessed/hash/0/309264301/1/c.jpg,FOW20193,Modway Miles 36'' Free Standing Single Bathroom Vanity with Ceramic Top,https://secure.img1-fg.wfcdn.com/lf/unprocessed/hash/0/259430375/1/c.jpg,No,No,A coffee table and a bathroom vanity serve fundamentally different functions and cannot be placed in the same room.
KRTB1105,"Jasmine 60"" Wall-Mounted Single Bathroom Vanity Set",https://secure.img1-fg.wfcdn.com/lf/unprocessed/hash/0/329379442/1/c.jpg,HYTO8378,Modern & Contemporary Scandi Japandi Plants On Canvas Print,https://secure.img1-fg.wfcdn.com/lf/unprocessed/hash/0/267034305/1/c.jpg,Yes,Yes,"Both pieces share a modern, Japandi-inspired aesthetic. The vanity's use of natural materials like wood and stone is complemented by the artwork's organic subject matter and muted, earthy color palette, creating a serene and cohesive look."
XAQ16460,Japandi 4 by Simon West - Picture Frame Graphic Art Print on Paper,https://secure.img1-fg.wfcdn.com/lf/unprocessed/hash/0/187896746/1/c.jpg,FOW11830,"Render 48"" Double Sink Bathroom Vanity",https://secure.img1-fg.wfcdn.com/lf/unprocessed/hash/0/279779741/1/c.jpg,Yes,Yes,"Both pieces share a modern aesthetic rooted in clean lines and geometric forms. The Mid-Century Modern vanity, with its slatted wood texture, complements the minimalist, graphic nature of the Japandi art print. The warm wood tone of the vanity and the deep navy of the art create a sophisticated and harmonious color palette."
ARGD6818,"Lunette 48"" Single Bathroom Vanity Set",https://secure.img1-fg.wfcdn.com/lf/unprocessed/hash/0/279969964/1/c.jpg,XAMF1040,Baroque Style Vintage Bathroom Mirror,https://secure.img1-fg.wfcdn.com/lf/unprocessed/hash/0/327536185/1/c.jpg,Yes,Yes,"Both pieces share an ornate, vintage aesthetic inspired by classical European design (Baroque, French Provincial). The curved lines of the vanity and the arched shape of the mirror are harmonious, and the gold and mint green color combination is an elegant and complementary pairing."
CBXY7704,Vintage Rainbow Pastel Leaves Boho Watercolor I - Abstract Painting Acrylic Wall Art,https://secure.img1-fg.wfcdn.com/lf/unprocessed/hash/0/292552129/1/c.jpg,FBXB1111,Arnod 6 - Piece Cotton Multi-Size Set Guest Room Case Pack,https://secure.img1-fg.wfcdn.com/lf/unprocessed/hash/0/277374013/1/c.jpg,No,No,"The styles of these two items are in conflict. The wall art is modern, abstract, and features a vibrant, multi-color rainbow palette. The towels have a more traditional, two-tone, repeating floral pattern. The aesthetics would clash and create a visually incoherent bathroom."
CCHM1110,Virginio Bath Rug,https://secure.img1-fg.wfcdn.com/lf/unprocessed/hash/0/270855586/1/c.jpg,FSHA1088,"Bohemian Flower Bathroom Curtain Colorful Boho Floral Print Beautiful Bright Polyester Fabric Cloth Shower Curtain For Bathroom Decoration, 72""x72""",https://secure.img1-fg.wfcdn.com/lf/unprocessed/hash/0/345399726/1/c.jpg,Yes,No,"The simple, solid beige, textural rug has a calm, minimalist aesthetic that clashes with the busy, high-contrast, graphic black and white celestial pattern of the shower curtain. The two pieces have conflicting visual weights and color stories, creating a jarring rather than cohesive look."
CKLI1391,Euri  Gold Wall Mirror Asymmetrical,https://secure.img1-fg.wfcdn.com/lf/unprocessed/hash/0/351903895/1/c.jpg,TRGU1831,Giraffe Bathroom Wall Mount Toilet Paper Holder,https://secure.img1-fg.wfcdn.com/lf/unprocessed/hash/0/93293244/1/c.jpg,Yes,No,"These two products have clashing styles. The mirror is modern and elegant with its asymmetrical shape and smooth gold finish, while the toilet paper holder is rustic and novelty-themed with its cast iron giraffe shape and verdigris finish. They do not share a common design language and would create a visually incoherent bathroom."
