product_1,product_1_title,product_1_img,product_2,product_2_title,product_2_img,simple_compatible,Gemeni_compatible,reason
KFBW1070,"Cathleen Mantle Bed, Dresser & Mirror, Night Stand",https://secure.img1-fg.wfcdn.com/lf/unprocessed/hash/0/228554013/1/c.jpg,WIYU1098,"Dantwan Farmhouse Platform Bed Frame With 54""W Tall Geometric Headboard & Large Storage Space",https://secure.img1-fg.wfcdn.com/lf/unprocessed/hash/0/310553110/1/c.jpg,No,No,"While both items are described as 'farmhouse' style, they have conflicting aesthetics. Product 1 has a light, weathered linen finish with a cottage feel, whereas Product 2 features a dark, warm wood tone with a more rustic, heavy-set geometric design. The color palettes and overall design language would clash in the same room."
HBXP1025,Montauk Solid Wood 3-Piece Bedroom Set,https://secure.img1-fg.wfcdn.com/lf/unprocessed/hash/0/256036828/1/c.jpg,ADRL1708,"Louby 49"" Farmhouse Platform Bed",https://secure.img1-fg.wfcdn.com/lf/unprocessed/hash/0/306113225/1/c.jpg,No,No,"Product 1 is a bedroom set that already includes a bed. Adding a second bed (Product 2) to the same room is functionally redundant and would result in a poorly planned and cluttered space, which is not a cohesive design choice."
CBZG3660,1970S Blue And Gold Damask Art Deco - Abstract Marble Damask Blackout Curtain - 1 Panels,https://secure.img1-fg.wfcdn.com/lf/unprocessed/hash/0/317610385/1/c.jpg,SFTA7243,Abstract Botanical Art Deco 1920s Flower Tapestry Floral Botanical Print Modern Multicolor,https://secure.img1-fg.wfcdn.com/lf/unprocessed/hash/0/259136738/1/c.jpg,No,No,"Although both pieces are labeled 'Art Deco' and feature symmetrical designs on a dark background, their color palettes are in direct conflict. The cool blues and golds of the curtain would clash with the warm oranges, reds, and teals of the floral wall art, creating a visually jarring and incoherent look."
BX12941,Felisha Tan Art Deco Indoor/Outdoor Area Rug,https://secure.img1-fg.wfcdn.com/lf/unprocessed/hash/0/292888250/1/c.jpg,HBYH8348,Golden Art Deco II by Aimee Wilson - Print on Canvas,https://secure.img1-fg.wfcdn.com/lf/unprocessed/hash/0/131824690/1/c.jpg,Yes,No,"Although both items are labeled 'Art Deco', their styles are visually conflicting. The wall art is a bold, high-contrast, classic Art Deco piece with a black and gold palette, while the rug is a subtle, muted, neutral-toned contemporary piece. The dramatic glamour of the art would clash with the understated, casual feel of the rug."
NDY18949,Babyboy Credenza,https://secure.img1-fg.wfcdn.com/lf/unprocessed/hash/0/217128556/1/c.jpg,SFTA9698,Mid Century Shape Colorful Abstraction Vibrant Framed On Canvas Print,https://secure.img1-fg.wfcdn.com/lf/unprocessed/hash/0/276837104/1/c.jpg,No,No,"While both pieces are colorful and abstract, their styles are in conflict. The credenza features a sharp, hard-edged geometric pattern, whereas the wall art is soft, painterly, and organic. Placing these two very different and bold patterns in the same space would create visual tension and feel stylistically incoherent."
HBYH5002,Flourish of Spring by Timothy O Toole - Painting Print on Canvas,https://secure.img1-fg.wfcdn.com/lf/unprocessed/hash/0/103923769/1/c.jpg,HDNN1601,Aleily Upholstered Standard 3 Piece Bedroom Set,https://secure.img1-fg.wfcdn.com/lf/unprocessed/hash/0/246410978/1/c.jpg,Yes,No,"Product 2 is a bedroom set, which is not a suitable or functional item for a bathroom. This pairing is nonsensical for the specified room."
ZSMT1422,Hermes Contemporary Modern Solid Wood Platform Bed with Adjustable Headboard,https://secure.img1-fg.wfcdn.com/lf/unprocessed/hash/0/334672629/1/c.jpg,NSGA1337,"Crestside 6 Drawer 47.2"" W Double Dresser",https://secure.img1-fg.wfcdn.com/lf/unprocessed/hash/0/321070674/1/c.jpg,No,Yes,"Both pieces share a Mid-Century Modern design language, evident in their tapered legs, clean silhouettes, and subtle gold/brass accents. While the colors and textures differ, they are complementary and would create a sophisticated, layered look in a modern bedroom."
SFLN2643,Elacqua Elwin Gold Finish Bedroom Set 4&1,https://secure.img1-fg.wfcdn.com/lf/unprocessed/hash/0/243457787/1/c.jpg,ATF10182,Old World 9 Drawer Dresser,https://secure.img1-fg.wfcdn.com/lf/unprocessed/hash/0/27509412/1/c.jpg,No,No,"While both pieces share a highly ornate, traditional European design style with intricate carvings, their finishes are in direct conflict. The light, metallic 'gold finish' of the bedroom set would clash significantly with the heavy, dark 'pomegranate' wood finish of the dresser, creating a jarring and incoherent aesthetic."
AFHE1569,Vintage Queen Bed,https://secure.img1-fg.wfcdn.com/lf/unprocessed/hash/0/219276106/1/c.jpg,KFBW1192,"Amala Poster Bed, Dresser & Mirror",https://secure.img1-fg.wfcdn.com/lf/unprocessed/hash/0/256680163/1/c.jpg,No,No,"These two beds represent vastly different design aesthetics. Product 1 has a rustic, blocky, and distressed look with simple, straight lines. Product 2 is a highly ornate, traditional European-style bed with a polished finish, elaborate carvings, and grand, curved silhouettes. The casual, rustic feel of the first bed would clash with the formal, luxurious style of the second."
KFBS8953,"Colchester Upholstered Bed, Dresser & Mirror, Night Stand",https://secure.img1-fg.wfcdn.com/lf/unprocessed/hash/0/269841341/1/c.jpg,ZSMT1446,Kira Solid Wood Platform Bed,https://secure.img1-fg.wfcdn.com/lf/unprocessed/hash/0/346355125/1/c.jpg,No,No,"These two products have fundamentally different design styles. Product 1 is a traditional, ornate set with a light, weathered wood finish, curved silhouettes, and tufted upholstery. Product 2 is a modern, minimalist platform bed with a dark wood finish, clean lines, and a simple slatted headboard. Their shapes, colors, and overall aesthetics are in direct conflict."
BHPR1421,Elen Tufted Velvet Bed,https://secure.img1-fg.wfcdn.com/lf/unprocessed/hash/0/263572025/1/c.jpg,GHFS1345,Denard Upholstered Standard 4 Piece Bedroom Set,https://secure.img1-fg.wfcdn.com/lf/unprocessed/hash/0/361165895/1/c.jpg,No,No,"While both pieces fall under a 'Glam' aesthetic and feature tufted headboards, their specific styles clash. The soft, warm pink velvet of the first bed conflicts with the cool, silver, mirrored, and LED-lit surfaces of the second set. Furthermore, Product 2 is a complete bedroom set that includes its own bed, making the addition of Product 1 functionally redundant and creating an incoherent room design."
HBYZ1523,Lacey 4Pc Solid Wood King Platform Bed Set With Dresser,https://secure.img1-fg.wfcdn.com/lf/unprocessed/hash/0/0/1/c.jpg,MPIO1051,"Dorcus 3 Drawer 32.2"" W Chest",https://secure.img1-fg.wfcdn.com/lf/unprocessed/hash/0/258322329/1/c.jpg,No,No,"Compatibility cannot be determined as there is no image or stylistic information available for Product 1. Furthermore, both products are bedroom furniture, not bathroom products."
BOMH2360,Claudette Low Profile Standard Bed,https://secure.img1-fg.wfcdn.com/lf/unprocessed/hash/0/353558319/1/c.jpg,HBXP1025,Montauk Solid Wood 3-Piece Bedroom Set,https://secure.img1-fg.wfcdn.com/lf/unprocessed/hash/0/256036828/1/c.jpg,No,No,"While both items fall under a broad 'rustic' or 'farmhouse' style, their finishes and colors are too dissimilar. The clean, painted white of the bed clashes with the heavily distressed, weathered gray wood of the bedroom set, creating a visually incoherent look."
LRFY8246,Kristel Solid Wood Low Profile Standard Bed,https://secure.img1-fg.wfcdn.com/lf/unprocessed/hash/0/39304399/1/c.jpg,RDHN2816,Amareona Sleigh 3 Bed Room Set,https://secure.img1-fg.wfcdn.com/lf/unprocessed/hash/0/243356567/1/c.jpg,No,No,"These two pieces have conflicting color palettes and styles. The first bed has a very dark, traditional, weathered brown finish, while the second set has a light, white-washed, shabby-chic finish. The stark contrast in color and overall aesthetic would create a jarring and incoherent bedroom design."
OREL1032,Mcgruder Platform Bed,https://secure.img1-fg.wfcdn.com/lf/unprocessed/hash/0/266170514/1/c.jpg,VGX13519,Oteri Upholstered Platform 3 Piece Bedroom Set,https://secure.img1-fg.wfcdn.com/lf/unprocessed/hash/0/143894933/1/c.jpg,No,No,"This pairing is functionally nonsensical. Both Product 1 and Product 2 are complete bed and nightstand sets. A single bedroom would not contain two different primary beds, making the combination incoherent from a design and practical standpoint."
THVE1486,Oglesby 6 Drawer Dresser,https://secure.img1-fg.wfcdn.com/lf/unprocessed/hash/0/121764635/1/c.jpg,DVKS1047,Adalard Woven Bed,https://secure.img1-fg.wfcdn.com/lf/unprocessed/hash/0/94002685/1/c.jpg,Cannot Determine,No,"This pairing consists of a dresser and a bed, which are bedroom furniture. As they are not designed for or suited to a bathroom environment, they cannot be evaluated for compatibility in that context."
PBUB3642,Dressed in Feathers - Graphic Art,https://secure.img1-fg.wfcdn.com/lf/unprocessed/hash/0/210516300/1/c.jpg,EBIH2300,Elisabeth Fredriksson Art Deco Rose Gold 2 Door Credenza Cabinet,https://secure.img1-fg.wfcdn.com/lf/unprocessed/hash/0/239110306/1/c.jpg,Yes,Yes,"Both pieces share a strong Art Deco and glamorous aesthetic. The cabinet's geometric rose gold pattern and gold-toned legs complement the gold frame and the luxurious subject matter of the peacock art, which was a popular motif during the Art Deco period."
SFTA9926,Vibrant Wildflower Soft Floral Watercolor Garden Flower Botanical Colorful Multicolor,https://secure.img1-fg.wfcdn.com/lf/unprocessed/hash/0/334255245/1/c.jpg,CBXY5946,Multi-Color Bird On Tree - Upholstered Farmhouse Accent Slipper Chair,https://secure.img1-fg.wfcdn.com/lf/unprocessed/hash/0/293007170/1/c.jpg,No,No,"Although both items feature a nature theme, their styles are in direct conflict. The wall art is minimalist and has a muted, two-tone color palette, while the chair is vibrant, multi-colored, and features a busy, illustrative pattern. This creates a significant visual clash."
BGLS1875,Hashimoto Abstract Multi Area Rug,https://secure.img1-fg.wfcdn.com/lf/unprocessed/hash/0/85037542/1/c.jpg,EBMM1572,Abstract Colorful Upholstered Slipper Chair - Modern Velvet Accent Chair,https://secure.img1-fg.wfcdn.com/lf/unprocessed/hash/0/343116515/1/c.jpg,No,No,"While both pieces are modern and feature bold, abstract patterns with pink hues, their specific patterns would clash. The rug's pixelated, impressionistic design would compete with the chair's large-scale, graphic floral and butterfly print, creating a visually chaotic and overwhelming effect."
HIKO1001,"Heidegard Floral Accent Chair Modern High Back Arm Chair, Colorful Patchwork Reading Chairs for Bedroom",https://secure.img1-fg.wfcdn.com/lf/unprocessed/hash/0/305831911/1/c.jpg,SFTA9106,Abstract Botanical Abstract Floral And Fauna Vibrant Bohemian Garden,https://secure.img1-fg.wfcdn.com/lf/unprocessed/hash/0/334260836/1/c.jpg,No,No,"These pieces have conflicting styles and color palettes. The chair is modern and minimalist, defined by its solid cream boucle fabric and simple form. The wall art is bohemian and maximalist, featuring a complex, dark, and multi-colored abstract pattern. They do not share a common design language and would create a jarring contrast."
LTSE1363,Valentina Full/Double Upholstered Platform Bed,https://secure.img1-fg.wfcdn.com/lf/unprocessed/hash/0/137563959/1/c.jpg,ZOSI1134,12-Light Colorful Sputnik Chandelier,https://secure.img1-fg.wfcdn.com/lf/unprocessed/hash/0/310330723/1/c.jpg,Yes,Yes,"Both pieces share a mid-century modern design sensibility and feature gold/brass metallic accents. The sophisticated, neutral gray of the channel-tufted bed provides an excellent backdrop for the playful, colorful statement of the sputnik chandelier, creating a balanced and stylish eclectic look."
GCPE2036,Nadette Spindle Bed,https://secure.img1-fg.wfcdn.com/lf/unprocessed/hash/0/206595315/1/c.jpg,XTBG7191,Baxton Studio Asami Mid-Century Modern Walnut Brown Finished Wood And Woven Rattan 3-Piece Bedroom Set,https://secure.img1-fg.wfcdn.com/lf/unprocessed/hash/0/269217370/1/c.jpg,No,No,"These two products represent conflicting design styles. The Nadette bed is traditional, featuring ornate details like turned spindle posts and a dark, heavy finish. The Asami set is distinctly Mid-Century Modern, characterized by its lighter walnut finish, woven rattan accents, and clean, tapered legs. Combining these would create a stylistically incoherent and visually jarring bedroom."
BL6178,Low Profile Standard Bed,https://secure.img1-fg.wfcdn.com/lf/unprocessed/hash/0/215751362/1/c.jpg,RDHN2694,"Ailany Traditional Wood Panel Bed With Dresser, Mirror, Nightstand, Chest, Queen, Antique Walnut Finish",https://secure.img1-fg.wfcdn.com/lf/unprocessed/hash/0/217603892/1/c.jpg,No,No,"These two products have conflicting styles. Product 1 has a light, airy, country-cottage feel with its upholstered, curved headboard and light oak finish. Product 2 is a very heavy, formal, traditional set with a dark antique walnut finish and blocky, paneled construction. The difference in visual weight, color, and design language would create a disjointed and incoherent bedroom."
DVKS1448,Adalard Woven Bed,https://secure.img1-fg.wfcdn.com/lf/unprocessed/hash/0/324574358/1/c.jpg,BOMH1352,Alek Solid Wood Platform 3 Piece Bedroom and Dresser Set,https://secure.img1-fg.wfcdn.com/lf/unprocessed/hash/0/0/1/c.jpg,No,No,"The two products have conflicting styles. Product 1 is a light, coastal design with a woven texture and tapered legs, while Product 2 is a traditional set described with heavier features like paneled designs and bun feet. The different materials and design languages would create a visually incoherent bedroom."
GRNW1017,Montauk Solid Wood Bed,https://secure.img1-fg.wfcdn.com/lf/unprocessed/hash/0/31465230/1/c.jpg,HBXP1029,Montauk Standard 3 - Piece  Bedroom Set,https://secure.img1-fg.wfcdn.com/lf/unprocessed/hash/0/122178867/1/c.jpg,No,No,"These are bedroom furniture items, which are not suitable for a bathroom environment. The prompt specifies the context is bathroom design."
FTYS4755,"Mid-Century Modern Wooden Dresser with Slatted Design and 6 Drawers, Ideal for Living Room, Bedroom, and Hallway",https://secure.img1-fg.wfcdn.com/lf/unprocessed/hash/0/308119408/1/c.jpg,NDPH1461,Broughton Platform Bed,https://secure.img1-fg.wfcdn.com/lf/unprocessed/hash/0/337781776/1/c.jpg,No,Yes,"Both pieces share a Mid-Century Modern aesthetic, featuring warm wood tones and slender black metal legs. The combination of the dresser's geometric slats and the bed's organic live-edge headboard creates a balanced and sophisticated modern bedroom."
OREL1032,Mcgruder Platform Bed,https://secure.img1-fg.wfcdn.com/lf/unprocessed/hash/0/266170514/1/c.jpg,SUAV1036,Modern Kaphan Bedroom Platform,https://secure.img1-fg.wfcdn.com/lf/unprocessed/hash/0/301424970/1/c.jpg,No,No,"Although both items are modern platform beds with integrated nightstands, they are two distinct and complete bed systems. Placing two different master beds in a single bedroom would be functionally and visually incoherent, resulting in a poorly designed space."
FTYS4713,"Laverda Modern 6-Drawer Dresser with Oak Finish, 47.2"" W, Minimalist Reeded Design",https://secure.img1-fg.wfcdn.com/lf/unprocessed/hash/0/326889967/1/c.jpg,SUAV1029,Queen Zen Bedroom,https://secure.img1-fg.wfcdn.com/lf/unprocessed/hash/0/297141379/1/c.jpg,Yes,No,"Although both pieces share a modern, minimalist aesthetic with clean lines, their visual weight and color palettes are in direct conflict. The dresser's light oak finish and slender, raised legs create an airy feel, which clashes with the dark, heavy, and blocky form of the platform bed."
ASGA4241,Amad Upholstered Sleigh 3 Piece Bedroom Set,https://secure.img1-fg.wfcdn.com/lf/unprocessed/hash/0/244772134/1/c.jpg,HMLF1051,Annaline Upholstered Low Profile Platform Bed,https://secure.img1-fg.wfcdn.com/lf/unprocessed/hash/0/120190235/1/c.jpg,No,No,"These two beds have conflicting styles. Product 1 is a grand, traditional sleigh bed with a heavy, rustic wood frame. Product 2 is a more contemporary, glam-style low-profile platform bed with nailhead trim. The difference in scale, silhouette, and overall aesthetic (traditional/rustic vs. modern/glam) makes them incompatible."
LGLY5972,Glow 5 - Piece Bedroom Set,https://secure.img1-fg.wfcdn.com/lf/unprocessed/hash/0/81175813/1/c.jpg,SUAV1055,Queen Zen bed,https://secure.img1-fg.wfcdn.com/lf/unprocessed/hash/0/299613885/1/c.jpg,No,No,"These products have conflicting design styles and materials. Product 1 is a mid-century modern set in a gray wash finish with tapered legs, while Product 2 is a Zen-inspired bed in a natural brown wood with a low, blocky profile. The different wood tones and shapes would create a visually incoherent bedroom. Furthermore, Product 1 is a complete bedroom set that already includes a bed, making the pairing redundant."
SFTA4122,Abstract Vibrant Color Blocks Mid-Century Vibrant Color Block Collage Abstract Geometric - 3 Piece Floater Frame Graphic Art Set on Canvas,https://secure.img1-fg.wfcdn.com/lf/unprocessed/hash/0/288680020/1/c.jpg,EBMM1572,Abstract Colorful Upholstered Slipper Chair - Modern Velvet Accent Chair,https://secure.img1-fg.wfcdn.com/lf/unprocessed/hash/0/343116515/1/c.jpg,No,No,"While both pieces are abstract and colorful, their styles clash. The wall art is geometric and structured with clean lines and color blocking, characteristic of Mid-Century Modern design. The chair, in contrast, has an organic, painterly, and almost graffiti-like pattern that feels much more chaotic and expressive. The two distinct styles would create a visually jarring and incoherent space."
BLMK6598,"Cayden 33.5""H 4 - Drawer Accent Chest",https://secure.img1-fg.wfcdn.com/lf/unprocessed/hash/0/126340858/1/c.jpg,PCKE3451,Briaroaks Queen Upholstered Platform 3 Piece Bedroom Set,https://secure.img1-fg.wfcdn.com/lf/unprocessed/hash/0/149439415/1/c.jpg,No,No,"While both pieces share mid-century modern influences, their core aesthetics are in conflict. The accent chest has a rustic, eclectic, and bohemian feel with its mixed patterns and salvaged look, which clashes with the sleek, uniform, and glamorous style of the channel-tufted velvet bedroom set."
VGX13458,Bretten Tufted Upholstered Low Profile Platform Bed,https://secure.img1-fg.wfcdn.com/lf/unprocessed/hash/0/130273484/1/c.jpg,VGX18031,Camila - Modern Natural Oak Bed & Nightstands,https://secure.img1-fg.wfcdn.com/lf/unprocessed/hash/0/329698365/1/c.jpg,No,No,"While both sets feature gold accents, their core styles are in direct conflict. Product 1 is a high-glam, Art Deco-inspired piece with white upholstery and sharp lines, whereas Product 2 has an organic, modern Scandinavian feel with its natural oak wood and softer, rounded forms. The materials and overall aesthetics are too different to create a cohesive look."
VGX15485,Aubreah Solid Wood and Veneer Platform Bed,https://secure.img1-fg.wfcdn.com/lf/unprocessed/hash/0/354369750/1/c.jpg,ACIP4765,"Mundubbera 47"" Japandi Style Elegant Modern Boucle Bench",https://secure.img1-fg.wfcdn.com/lf/unprocessed/hash/0/334811233/1/c.jpg,Yes,No,"This pairing is not suitable for a bathroom setting. A bed is not a bathroom product, making the combination functionally inappropriate for the specified room."
EUAH7866,Lisa Argyropoulos Inspire Oceana 2 Door Accent Cabinet,https://secure.img1-fg.wfcdn.com/lf/unprocessed/hash/0/211844891/1/c.jpg,SFTA9926,Vibrant Wildflower Soft Floral Watercolor Garden Flower Botanical Colorful Multicolor,https://secure.img1-fg.wfcdn.com/lf/unprocessed/hash/0/334255245/1/c.jpg,No,No,"These two pieces have completely conflicting styles and color palettes. The cabinet is a bold, colorful, maximalist piece with a geometric pattern, while the wall art is a muted, neutral, and minimalist botanical print. They would create a jarring and incoherent look in the same bathroom."
CLHF1016,Romantic Chic Palafox Batheaston Pink/Blue/White,https://secure.img1-fg.wfcdn.com/lf/unprocessed/hash/0/173874149/1/c.jpg,CBOW3448,Gazley Pink Blue Pastel Patchwork - Abstract Collages Large Wall Art,https://secure.img1-fg.wfcdn.com/lf/unprocessed/hash/0/257030043/1/c.jpg,No,No,"While both items share a pink and blue color palette, their styles are fundamentally opposed. The bedding set is a very traditional, shabby-chic floral pattern, while the wall art is modern and abstract. This stylistic clash would create a visually incoherent space. Additionally, a bedding set is not a bathroom product."
WIYU1052,"Farmhouse 5 Chest of Drawers, Tall Drawers Dresser with Sliding Barn Door",https://secure.img1-fg.wfcdn.com/lf/unprocessed/hash/0/300528581/1/c.jpg,ADRL1708,"Louby 49"" Farmhouse Platform Bed",https://secure.img1-fg.wfcdn.com/lf/unprocessed/hash/0/306113225/1/c.jpg,Yes,No,"While both pieces share a rustic, farmhouse aesthetic, a bed is not a functional or appropriate item for a bathroom. The pairing is nonsensical for the specified room."
GRNW1017,Montauk Solid Wood Bed,https://secure.img1-fg.wfcdn.com/lf/unprocessed/hash/0/31465230/1/c.jpg,MXWO1512,Lauritzen Scandinavian 6-Drawer Dresser,https://secure.img1-fg.wfcdn.com/lf/unprocessed/hash/0/337524693/1/c.jpg,Yes,No,"The dark, rustic 'Barnwood' finish and heavy feel of the bed directly conflict with the light, airy 'Blonde' wood and sleek Scandinavian design of the dresser. The two pieces have opposing color palettes and stylistic influences."
OZAY1285,"Levera Farmhouse 3-Drawer Dresser, Distressed Chest Nightstand",https://secure.img1-fg.wfcdn.com/lf/unprocessed/hash/0/254079304/1/c.jpg,TH10866,Balka Queen Rattan Open-Frame Headboard,https://secure.img1-fg.wfcdn.com/lf/unprocessed/hash/0/326725887/1/c.jpg,No,No,"The heavy, ornate, and dark-finished dresser has a formal, global-inspired aesthetic that clashes with the light, airy, and natural feel of the boho rattan headboard. The visual weight and stylistic origins of the two pieces are too different to be cohesive."
ORNE3247,Jinn Platform Bed,https://secure.img1-fg.wfcdn.com/lf/unprocessed/hash/0/0/1/c.jpg,NDDE1208,"Antonnio 3 Piece Bedroom Set with Bed, Headboard, and Nightstand",https://secure.img1-fg.wfcdn.com/lf/unprocessed/hash/0/288946817/1/c.jpg,No,No,"These are bedroom furniture items, not bathroom products. The task is to evaluate compatibility within a bathroom setting. Additionally, the image for Product 1 is missing, making a stylistic comparison impossible."
VGX13138,Low Profile Platform Bed,https://secure.img1-fg.wfcdn.com/lf/unprocessed/hash/0/143495886/1/c.jpg,FOW17014,Modway Render Wall Mount Queen Headboard and Modern Nightstands,https://secure.img1-fg.wfcdn.com/lf/unprocessed/hash/0/247791729/1/c.jpg,No,No,"While both pieces are modern and share a grey color palette, the heavy, industrial stone texture of the bed would clash with the linear, slatted, mid-century modern design of the headboard. Furthermore, the products are functionally redundant as one is a complete bed with a headboard and the other is a separate headboard set."
CFLX1537,Ashlie 6-drawer double chest of drawers,https://secure.img1-fg.wfcdn.com/lf/unprocessed/hash/0/185664148/1/c.jpg,ZSMT1422,Hermes Contemporary Modern Solid Wood Platform Bed with Adjustable Headboard,https://secure.img1-fg.wfcdn.com/lf/unprocessed/hash/0/334672629/1/c.jpg,Yes,Yes,"Both pieces share a strong mid-century modern design language, featuring solid wood construction, clean lines, and distinctive tapered legs. While the wood finishes are different shades, their shared silhouette creates a cohesive and intentionally designed look suitable for a modern bedroom."
WDA10730,Sedona King 6 Piece Bedroom Set - Cinnamon Cherry,https://secure.img1-fg.wfcdn.com/lf/unprocessed/hash/0/287746827/1/c.jpg,ASTG5952,Alberthe Low Profile Standard Bed,https://secure.img1-fg.wfcdn.com/lf/unprocessed/hash/0/234012106/1/c.jpg,No,No,"While both are traditional dark wood bedroom pieces with arched headboards, the Alberthe bed is significantly more ornate. Its heavy floral carvings and formal posts would clash with the simpler, more casual and transitional style of the Sedona furniture set."
SFTD1012,Vibrant Wildflower Vibrant Colorful Multi-Hued Floral Botanical In Glass Bottles Watercolor Modern Art Decor on Canvas,https://secure.img1-fg.wfcdn.com/lf/unprocessed/hash/0/338324114/1/c.jpg,HLOC1005,Deeb Tufted Upholstered Flower Silhouette Headboard Platform Bed,https://secure.img1-fg.wfcdn.com/lf/unprocessed/hash/0/261614810/1/c.jpg,No,No,"A bed is not a suitable product for a bathroom. This pairing is functionally nonsensical for the specified room, making it an incoherent combination."
KUI10889,Treska Standard 4 Piece Bedroom Set,https://secure.img1-fg.wfcdn.com/lf/unprocessed/hash/0/11785390/1/c.jpg,GCSR4602,Serenity Poster Bed,https://secure.img1-fg.wfcdn.com/lf/unprocessed/hash/0/0/1/c.jpg,No,No,"These two products have fundamentally opposing styles. The Treska set is described as traditional, elegant, and has a dark cherry wood finish with ornate carvings. The Serenity bed is described as casual, coastal, and has a light, whitewashed finish with rope details. Placing these in the same room would create a jarring and incoherent aesthetic."
DVKT5751,Kirbyville Upholstered 5 Piece Bedroom Set,https://secure.img1-fg.wfcdn.com/lf/unprocessed/hash/0/254602076/1/c.jpg,WRLO8107,Currier Tufted Upholstered Low Profile Standard Bed,https://secure.img1-fg.wfcdn.com/lf/unprocessed/hash/0/220475705/1/c.jpg,No,No,"While both items feature prominent tufting and a glamorous aesthetic, their styles are fundamentally different. The light ivory, French-inspired set has a soft, romantic feel that clashes with the dark, heavy, modern-glam style of the black faux leather bed. The color palettes and overall silhouettes are not complementary."
UAF10037,Iasonas Tufted Bed,https://secure.img1-fg.wfcdn.com/lf/unprocessed/hash/0/235809563/1/c.jpg,GHFS2097,Hinsley 4PC Bedroom Set,https://secure.img1-fg.wfcdn.com/lf/unprocessed/hash/0/301299581/1/c.jpg,No,No,"While both products feature tufted upholstery and curved headboards, their core styles are in conflict. Product 1 is a very ornate, traditional, European antique style with a warm, antique pearl finish. Product 2 is a much more modern, glam style with a cool, sleek silver finish. The difference in color palette and level of ornamentation would create a jarring and incoherent look."
TBL1576,Island Estate West Indies Bed,https://secure.img1-fg.wfcdn.com/lf/unprocessed/hash/0/144498193/1/c.jpg,GCRM2070,Ardean Bedroom Set,https://secure.img1-fg.wfcdn.com/lf/unprocessed/hash/0/255780332/1/c.jpg,No,No,"These two products have fundamentally different design aesthetics. The first bed is a tropical, coastal style with natural wood tones, woven rattan, and ornate bamboo-style details. The second bedroom set is a classic, traditional style with a solid black finish and simple, clean-lined paneling. The styles, colors, and materials would clash significantly in the same room."
SFTA7069,"Bright Preppy Animals "" Chic Vibrant Bold Green Pink Blue Pictures, Pop Tiger Leopard Colorful Wall Decorations,"" 3 Pieces Giclee Canvas Digital Print Framed Wall Art",https://secure.img1-fg.wfcdn.com/lf/unprocessed/hash/0/285149139/1/c.jpg,EBMM1572,Abstract Colorful Upholstered Slipper Chair - Modern Velvet Accent Chair,https://secure.img1-fg.wfcdn.com/lf/unprocessed/hash/0/343116515/1/c.jpg,No,No,"While both pieces are bold, colorful, and share a pink and black color scheme, their artistic styles clash. The wall art is graphic, minimalist, and pop-art inspired, while the chair has a busy, painterly, graffiti-style pattern. Combining these two distinct and strong patterns in a bathroom would create a visually chaotic and incoherent aesthetic."
