product_1,product_1_title,product_1_img,product_2,product_2_title,product_2_img,simple_compatible,Gemini_compatible,reason
DBYH4057,Tempered Glass Scalloped Edge Kitchen Serving Bowl with Bronze Metal Scroll Stand,https://secure.img1-fg.wfcdn.com/lf/unprocessed/hash/0/71860102/1/c.jpg,CSOU1519,Tempered Glass Dinning Table Set,https://secure.img1-fg.wfcdn.com/lf/unprocessed/hash/0/324872240/1/c.jpg,No,No,"The styles are in direct conflict. The decorative bowl has a traditional, ornate design with a dark bronze scrolled stand, while the dining set is modern and glam with bright, polished gold legs and clean lines. The metal finishes and overall aesthetics would clash."
FFRF1132,"Forno 3 Piece 30"" Kitchen Bonus Package",https://secure.img1-fg.wfcdn.com/lf/unprocessed/hash/0/250592663/1/c.jpg,ICO11709,Hollywood Loft 8 - Person Extendable Dining Set,https://secure.img1-fg.wfcdn.com/lf/unprocessed/hash/0/252821008/1/c.jpg,Yes,No,"The professional, industrial style of the stainless steel appliances clashes with the ornate, high-glam aesthetic of the Hollywood Loft dining set. The utilitarian, matte finish of the appliances is in direct opposition to the reflective, mirrored, and decorative surfaces of the dining furniture, creating a visually incoherent and jarring combination."
VIK10067,Viking 3-Ply Black & Copper 11 Piece Cookware Set,https://secure.img1-fg.wfcdn.com/lf/unprocessed/hash/0/131625040/1/c.jpg,GLLK1035,"FK-FUSION 96"" H x 103"" W x 24"" D Medium Density Fiberboard (MDF) Ready-to-Assemble Kitchen Cabinet Set",https://secure.img1-fg.wfcdn.com/lf/unprocessed/hash/0/276187659/1/c.jpg,Yes,Yes,"Both products share a modern, high-end aesthetic. The copper accents on the cookware would beautifully complement the brass/gold light fixture and dark marble backsplash in the kitchen, creating a cohesive and sophisticated look."
AAQP1007,Dash Mixers 6 Speed 2.5 Qt. Stand Mixer,https://secure.img1-fg.wfcdn.com/lf/unprocessed/hash/0/16105333/1/c.jpg,NNIT1043,"Standard Kitchen Cabinet 3 Drawer Base 12""/15""/18""/21""/24""/27""/30""/36""W x 34.5""H in White Shaker",https://secure.img1-fg.wfcdn.com/lf/unprocessed/hash/0/257222387/1/c.jpg,Yes,Yes,"The classic, neutral white shaker cabinets provide a perfect backdrop for the bright yellow, retro-style mixer. The mixer acts as a fun, statement pop of color, creating a stylish and intentional contrast that works well in a modern or transitional kitchen."
GPDF2660,Arrahma Maximo 7F3891602E2A4C5E9247AC0F0989B04E,https://secure.img1-fg.wfcdn.com/lf/unprocessed/hash/0/185401749/1/c.jpg,XTIS1054,Solid wood kitchen island,https://secure.img1-fg.wfcdn.com/lf/unprocessed/hash/0/320226094/1/c.jpg,No,No,"These items are functionally incompatible as a bedroom set and a kitchen island would not be used in the same room. Furthermore, their styles clash; the bedroom set is sleek and modern, while the kitchen island has a traditional, vintage aesthetic with its natural wood and turned legs."
UFIE1191,Teller 5 - Piece Dining Set,https://secure.img1-fg.wfcdn.com/lf/unprocessed/hash/0/110774036/1/c.jpg,ROSP5529,Davisboro Dining Table,https://secure.img1-fg.wfcdn.com/lf/unprocessed/hash/0/43681494/1/c.jpg,No,Yes,"Both dining tables are strong examples of the glam style, featuring round tops, sculptural pedestal bases, and a high-contrast color palette of black and reflective silver/chrome."
EVYN2776,"Amla 47.25"" Mirrored Glass Console Table Entryway Living Sofa Table",https://secure.img1-fg.wfcdn.com/lf/unprocessed/hash/0/346310966/1/c.jpg,CKLI1123,"DeGrailly 57"" Wide 3 Drawer Mirrored Glass Sideboard",https://secure.img1-fg.wfcdn.com/lf/unprocessed/hash/0/327157587/1/c.jpg,Yes,Yes,"Both pieces share a distinct glam aesthetic, featuring mirrored glass surfaces and sparkling faux diamond inlays. They would create a cohesive and luxurious look in a living or dining room."
CKLI1070,Douty 52''  Tempered Glass Dining Table Mirrored Crushed Diamond Inlay,https://secure.img1-fg.wfcdn.com/lf/unprocessed/hash/0/198373070/1/c.jpg,ICO11881,Platine De Royale 9-piece Dining Room Set - Champagne,https://secure.img1-fg.wfcdn.com/lf/unprocessed/hash/0/261735943/1/c.jpg,No,No,"While both pieces incorporate 'glam' elements like mirrored and crystal accents, their core styles are fundamentally opposed. The Douty table is sleek and modern with its glass top and geometric base, while the Platine de Royale set is ornate, traditional French Provincial. The clash in silhouette, materials (modern glass vs. traditional carved wood), and historical design language would create a jarring and incoherent dining space."
QENZ1068,Farmhouse Kitchen Pantry Cabinet With Sliding Storage Rack And 6 Hanging Shelves For Kitchen,https://secure.img1-fg.wfcdn.com/lf/unprocessed/hash/0/362352144/1/c.jpg,ASD10205,"Country 30"" L x 22"" W Farmhouse Kitchen Sink with Sink Caddy / Sponge Holder",https://secure.img1-fg.wfcdn.com/lf/unprocessed/hash/0/0/1/c.jpg,Yes,Yes,"Both products share a distinct farmhouse/country aesthetic. The off-white color of the pantry cabinet would coordinate beautifully with the bisque finish of the classic apron-front sink, creating a cohesive and charming kitchen design."
GLLK1033,"FK-URBAN 96"" H x 96"" W x 96"" D Medium Density Fiberboard (MDF) Ready-to-Assemble Kitchen Cabinet Set",https://secure.img1-fg.wfcdn.com/lf/unprocessed/hash/0/276187641/1/c.jpg,CAGN1004,Caannasweis 11 Piece Aluminum Nonstick Cookware Set Pots and Pans Set Non Stick,https://secure.img1-fg.wfcdn.com/lf/unprocessed/hash/0/225249400/1/c.jpg,Yes,Yes,"Both products share a clean, modern aesthetic. The cookware's light speckled finish and wood-look handles would provide a warm, organic contrast to the sleek, high-gloss white of the cabinets, creating a balanced and stylish kitchen environment."
CAGN1032,Caannasweis Nonstick Cookware Sets Kitchen Pots and Pans,https://secure.img1-fg.wfcdn.com/lf/unprocessed/hash/0/314457279/1/c.jpg,NNIT1043,"Standard Kitchen Cabinet 3 Drawer Base 12""/15""/18""/21""/24""/27""/30""/36""W x 34.5""H in White Shaker",https://secure.img1-fg.wfcdn.com/lf/unprocessed/hash/0/257222387/1/c.jpg,Yes,Yes,"These items are highly compatible for a modern or transitional kitchen. The black speckled cookware provides a beautiful, sharp contrast to the classic white Shaker cabinets. The wood-look handles on the pots and pans add a touch of warmth that would coordinate well with wood flooring or other natural accents."
XTIS1054,Solid wood kitchen island,https://secure.img1-fg.wfcdn.com/lf/unprocessed/hash/0/320226094/1/c.jpg,FFRF1128,Forno 5 Piece 48” Pro Style Kitchen Package,https://secure.img1-fg.wfcdn.com/lf/unprocessed/hash/0/250608544/1/c.jpg,No,No,"The warm, vintage style of the wooden kitchen island, with its decorative turned legs and natural finish, clashes significantly with the cool, modern, and industrial aesthetic of the professional-grade stainless steel appliance package. The two pieces have conflicting design languages and would create a jarring visual in a kitchen."
NDPF1260,Moen Weymouth One-Handle Pull Down Single Handle Kitchen Faucet with Power Boost,https://secure.img1-fg.wfcdn.com/lf/unprocessed/hash/0/73218797/1/c.jpg,DFIE1362,Audie Kitchen Cart with Granite Top,https://secure.img1-fg.wfcdn.com/lf/unprocessed/hash/0/218367405/1/c.jpg,Yes,Yes,"Both pieces share a strong traditional design language. The faucet's ornate, turned details echo the turned bun feet of the kitchen cart, creating a cohesive, classic look. The polished chrome of the faucet would be a beautiful accent against the cart's vintage mahogany finish."
GLLK1024,135'' W x 83'' H Medium Density Fiberboard (MDF) Full Kitchen Ready-to-Assemble,https://secure.img1-fg.wfcdn.com/lf/unprocessed/hash/0/276187528/1/c.jpg,ASTG5921,Constantine 3 - Light Kitchen Island Linear Pendant,https://secure.img1-fg.wfcdn.com/lf/unprocessed/hash/0/44456451/1/c.jpg,No,No,"The ultra-modern, minimalist style of the slab-front kitchen cabinets clashes with the ornate, traditional design of the pendant light. The clean lines and glossy finish of the cabinets are at odds with the scrolled metalwork and amber art glass of the light fixture."
CBXW1357,Orange Bubble Village Art Deco - City Art Deco Metal Wall Art,https://secure.img1-fg.wfcdn.com/lf/unprocessed/hash/0/291025709/1/c.jpg,RCHK1003,"Sardine Tins Matte Vinyl 18' L x 20.5"" W Peel and Stick Wallpaper Roll",https://secure.img1-fg.wfcdn.com/lf/unprocessed/hash/0/279391276/1/c.jpg,No,Yes,"Both pieces share a whimsical, illustrative style and a vibrant, multi-color palette. Their shared playful and artistic energy would work well together in an eclectic or maximalist interior, such as a kitchen or creative space."
UNQE1144,"Classic Retro 30"" 700 CFM Ducted Under Cabinet Range Hood with Stainless Steel Baffles and Light",https://secure.img1-fg.wfcdn.com/lf/unprocessed/hash/0/142489116/1/c.jpg,MDAC1951,Vajilla Deco Wall Cutlery,https://secure.img1-fg.wfcdn.com/lf/unprocessed/hash/0/221122110/1/c.jpg,Yes,No,"The sleek, 1950s retro style of the mint green range hood clashes with the ornate, traditional scrollwork of the silver wall cutlery. The two pieces represent very different design eras and would create a visually incoherent kitchen aesthetic."
GLLK1026,FK-CULINARYHEAVEN 108 W x 108 H Full Kitchen,https://secure.img1-fg.wfcdn.com/lf/unprocessed/hash/0/276187656/1/c.jpg,VSLE1337,Riggle 47.2'' Wide Kitchen Island,https://secure.img1-fg.wfcdn.com/lf/unprocessed/hash/0/297805908/1/c.jpg,Yes,No,"The polished, built-in, and transitional style of the Shaker kitchen cabinets clashes with the simple, industrial, and utilitarian design of the open-frame kitchen island. The island would look like a temporary or mismatched addition rather than a cohesive part of the overall kitchen design."
DUHM3756,"Brannagh 19.3"" Wide Modern Scandinavian Solid Wood Dining Chair Y-Shaped Backrest",https://secure.img1-fg.wfcdn.com/lf/unprocessed/hash/0/281630492/1/c.jpg,RBUD1062,"Large Preschool Kitchen Playset, Large Wooden Play Kitchen with Oven, Refrigerator, Coffee Machine and Microwave , Realistic Toddler Kitchen Set",https://secure.img1-fg.wfcdn.com/lf/unprocessed/hash/0/288971128/1/c.jpg,Yes,Yes,"Both pieces share a clean, modern aesthetic. The classic black of the Scandinavian chairs would complement the chic white and gold of the play kitchen, creating a cohesive and stylish look in a family-oriented space like a dining room or playroom. The play kitchen is designed to emulate a high-end modern kitchen, where chairs of this style would be perfectly at home."
XHME1160,Beauton Counter Height Stool Farmhouse with Y Back Light Woven Wood Kitchen Fully Assembled,https://secure.img1-fg.wfcdn.com/lf/unprocessed/hash/0/249582211/1/c.jpg,BRYS7199,Machuca 5 Piece Dining Set,https://secure.img1-fg.wfcdn.com/lf/unprocessed/hash/0/34823150/1/c.jpg,Yes,Yes,"Both items share a strong Mid-Century Modern design language, evident in their curved wooden backrests and tapered legs. The Y-back stool and the dining set's chairs are classic examples of this style and would create a cohesive look in a dining or kitchen area, despite the difference in wood tones."
VCIS1008,"George Oliver Solid Wood Upholstered Side Chair | Seat with Ergonomic Back Support – Modern Scandinavian Dining Chair, Sturdy Hardwood Frame & Soft Fabric Upholstery for Kitchen, Cafe, or Office",https://secure.img1-fg.wfcdn.com/lf/unprocessed/hash/0/354305630/1/c.jpg,TNFI3569,Carvajal Cavanagh 5-Piece Modern Dining Set,https://secure.img1-fg.wfcdn.com/lf/unprocessed/hash/0/332216536/1/c.jpg,No,Yes,"Both products share a strong Mid-Century Modern design language, featuring tapered legs, clean lines, and curved chair backs. The warm wood grain finish is a common element, and the combination of the wooden chairs with the table's black metal legs would create a stylish, intentionally mixed-material look that is common in modern interiors."
SQW2976,Seagraves Faux Leather Mid-Century Dining Chair,https://secure.img1-fg.wfcdn.com/lf/unprocessed/hash/0/201397396/1/c.jpg,ALMN1181,Gallman 6 - Person Dining Set,https://secure.img1-fg.wfcdn.com/lf/unprocessed/hash/0/172390730/1/c.jpg,No,Yes,"Both products share a distinct Mid-Century Modern aesthetic, characterized by dark walnut wood finishes, tapered legs, and curved silhouettes. The yellow chair would serve as an excellent, complementary captain's chair for the dining set."
FDXY1243,"Salma 33"" Wide Solid Wood Frame Upholstered Mid Century Modern Retro Accent Chair",https://secure.img1-fg.wfcdn.com/lf/unprocessed/hash/0/309519973/1/c.jpg,ZSTH1188,"Aveon 19.3"" H Mid Century Modern Tufted Leather Side Dining Chair with Steel Frame",https://secure.img1-fg.wfcdn.com/lf/unprocessed/hash/0/278605809/1/c.jpg,Yes,No,"While both chairs are labeled as Mid-Century Modern, their core materials and color palettes clash. The warm, brown wood and sepia leather of the accent chair conflict with the cool, matte black steel and saturated green leather of the dining chair, creating a visually jarring and incoherent look."
MYJE1060,Dworman Anti-Fatigue Non-Skid French Kitchen Mat,https://secure.img1-fg.wfcdn.com/lf/unprocessed/hash/0/296827891/1/c.jpg,KK3070,"Ultimate Corner Play Kitchen with Lights & Sounds, Espresso",https://secure.img1-fg.wfcdn.com/lf/unprocessed/hash/0/274256677/1/c.jpg,No,No,"These two products have clashing styles. The kitchen mat is traditional, with an ornate, French-inspired floral pattern in blue and white. The play kitchen is modern, with a sleek espresso finish and silver-colored appliances. Placing these together would create a visually jarring and incoherent look."
CAGN1039,Caannasweis Cooking Utensil Set,https://secure.img1-fg.wfcdn.com/lf/unprocessed/hash/0/276281057/1/c.jpg,TMD10215,Teamson Kids Little Chef Colonie Play Kitchen With Accessories,https://secure.img1-fg.wfcdn.com/lf/unprocessed/hash/0/359629218/1/c.jpg,No,No,"These products serve fundamentally different functions and are intended for different rooms. The utensil set is for a real, functional kitchen, while the play kitchen is a toy designed for a child's playroom or bedroom."
TSYA1227,Jennylee  63'' Kitchen Pantry (CB-03),https://secure.img1-fg.wfcdn.com/lf/unprocessed/hash/0/308899313/1/c.jpg,CAYH1022,Muhd Kitchen Mat Set of 2,https://secure.img1-fg.wfcdn.com/lf/unprocessed/hash/0/268825629/1/c.jpg,Yes,No,"The sleek, modern, black-and-white design of the pantry clashes with the traditional style and dark brown color of the plush, patterned kitchen mat. The two pieces have conflicting aesthetics."
KFBM3176,Boho Plaza Kitchen Tier Set,https://secure.img1-fg.wfcdn.com/lf/unprocessed/hash/0/186502780/1/c.jpg,BXD10078,Fenech Kitchen Cart,https://secure.img1-fg.wfcdn.com/lf/unprocessed/hash/0/58197657/1/c.jpg,Yes,No,"The vibrant, bohemian, and patterned style of the curtains clashes with the traditional, muted, and classic design of the kitchen cart. The bold, colorful mosaic pattern of the curtains is at odds with the cart's turned legs, taupe finish, and overall farmhouse aesthetic, creating a visually incoherent pairing."
CGNL7328,""" Lone Japandi Ninja Samurai Dark Retro Style "" on Paper",https://secure.img1-fg.wfcdn.com/lf/unprocessed/hash/0/278579930/1/c.jpg,GLLK1025,"FK-TIME 96"" H x 157"" W x 24"" D Medium Density Fiberboard (MDF) Ready-to-Assemble Kitchen Cabinet Set",https://secure.img1-fg.wfcdn.com/lf/unprocessed/hash/0/276187310/1/c.jpg,No,No,"The styles are conflicting. The wall art has a textured, retro, and thematic feel, while the kitchen cabinets are ultra-modern, sleek, and minimalist with a glossy finish. The difference in texture and design era would create a jarring visual."
MWLZ2330,Japandi,https://secure.img1-fg.wfcdn.com/lf/unprocessed/hash/0/260890113/1/c.jpg,SUDC1035,"Towaoc 58"" Wide Modern Walnut Effect Cabinet Sideboard Furniture with Wooden Storage",https://secure.img1-fg.wfcdn.com/lf/unprocessed/hash/0/271514176/1/c.jpg,Yes,Yes,"Both pieces share a modern, Japandi-inspired aesthetic. The clean lines and geometric forms of the abstract wall art complement the Mid-Century silhouette and circular details of the sideboard. The earthy, muted tones of the art would harmonize beautifully with the warm walnut finish of the cabinet."
GRNR2150,Azarius Boho Storage Coffee Bar Cabinet with Natural Rattan Doors,https://secure.img1-fg.wfcdn.com/lf/unprocessed/hash/0/269736204/1/c.jpg,NNGM1000,"Delaylah Bed Frame, with Rattan-Like Adjustable Upholstered Headboard, Boho Style",https://secure.img1-fg.wfcdn.com/lf/unprocessed/hash/0/286897036/1/c.jpg,No,Yes,"Both pieces share a distinct Boho style, characterized by the use of rattan accents and a light, neutral color palette. The rounded corners on the bed's headboard and the soft white finish of the cabinet create a harmonious and relaxed aesthetic."
FZIY1076,Annadell 20'' Boho Ceiling Fan with Light Kit and Remote Control,https://secure.img1-fg.wfcdn.com/lf/unprocessed/hash/0/301068624/1/c.jpg,XTBG7203,Bearnard Bali & Pari Tabanan Modern Bohemian Natural Brown Rattan And Brown Acacia Wood 3-Piece Dining Nook Set,https://secure.img1-fg.wfcdn.com/lf/unprocessed/hash/0/270982980/1/c.jpg,Yes,Yes,"Both pieces share a distinct Bohemian style, characterized by the use of natural, textural materials like wood beads, jute, and rattan. Their warm, neutral color palettes would create a cohesive and relaxed atmosphere in a dining area."
CKLI1047,Elvert 4 Piece Handmade Mirror Letters Wall Décor Set,https://secure.img1-fg.wfcdn.com/lf/unprocessed/hash/0/190724521/1/c.jpg,BCKH1229,"75"" Kitchen Pantry",https://secure.img1-fg.wfcdn.com/lf/unprocessed/hash/0/297640653/1/c.jpg,Yes,No,"The glam, mirrored, and crushed-diamond style of the wall decor clashes significantly with the clean, functional, and modern-transitional aesthetic of the white pantry. The two pieces belong to very different design styles and would create a jarring, incoherent look in the same space."
GAEL1333,"5 Rings Three Sides Crystal Ceiling Lamp Modern Crystal Chandelier, LED Moon Crystal Ceiling Light Cool White Pendant Lighting Flush Mount Crystal Pendant Lamp Fixture For Dining Room Bathroom Bedroom Living Room,Two-Color Dimmable",https://secure.img1-fg.wfcdn.com/lf/unprocessed/hash/0/202965824/1/c.jpg,RXK11056,Dublin Crystal 3 Piece Kitchen Canister Set,https://secure.img1-fg.wfcdn.com/lf/unprocessed/hash/0/124864296/1/c.jpg,No,No,"While both items are made of faceted crystal, their core styles are in direct conflict. The ceiling light is distinctly modern and geometric with its sleek, interlocking rings. In contrast, the canisters are very traditional, featuring a classic cut-glass pattern and a vintage silhouette. The juxtaposition of these two styles would create a jarring and incoherent aesthetic."
HCHO2171,Bergeron 70.3'' Kitchen Pantry,https://secure.img1-fg.wfcdn.com/lf/unprocessed/hash/0/363351195/1/c.jpg,CVTN1871,Bridge Kitchen Faucet,https://secure.img1-fg.wfcdn.com/lf/unprocessed/hash/0/191235726/1/c.jpg,Yes,No,"The rustic, casual farmhouse style of the pantry, with its barn-door design and simple dark hardware, clashes with the ornate, formal, and traditional design of the polished brass bridge faucet. The two pieces have conflicting aesthetics that would create visual tension in a kitchen."
HCHO2171,Bergeron 70.3'' Kitchen Pantry,https://secure.img1-fg.wfcdn.com/lf/unprocessed/hash/0/363351195/1/c.jpg,DRLL1377,30-inch L Single Bowl Concrete Workstation Farmhouse Kitchen Sink Large Capacity Deep Dual Mount with Accessories,https://secure.img1-fg.wfcdn.com/lf/unprocessed/hash/0/284721048/1/c.jpg,No,Yes,"Both pieces are rooted in the farmhouse style. The pantry's rustic brown wood finish and barn-door details would create a beautiful, classic contrast with the gritty white concrete and apron-front design of the farmhouse sink."
FAMY1964,"Culinary Kitchen Wall Art Decor, Modern Herb Prints, 36x24 Framed Photography Prints for Restaurant | Herb & Spice Kitchen Decor Print",https://secure.img1-fg.wfcdn.com/lf/unprocessed/hash/0/303857216/1/c.jpg,TMD10195,"Teamson Kids Little Chef Cyprus Play Kitchen Set, Light Oak/White",https://secure.img1-fg.wfcdn.com/lf/unprocessed/hash/0/357078164/1/c.jpg,No,Yes,"Both pieces share a strong culinary theme and a modern aesthetic. The sophisticated wall art would be a perfect complement to the stylish play kitchen in a child's playroom, creating a cohesive and imaginative 'chef's corner'."
BGLS4442,Blokzijl Hand Tufted Wool Southwestern Rug,https://secure.img1-fg.wfcdn.com/lf/unprocessed/hash/0/250816649/1/c.jpg,VLHY2861,Delloyd Anti-Fatigue Mat,https://secure.img1-fg.wfcdn.com/lf/unprocessed/hash/0/242164614/1/c.jpg,No,No,"The traditional, ornate Southwestern style of the wool rug clashes with the modern, whimsical novelty pattern of the egg-themed kitchen mat. Their color palettes and design languages are completely different, creating a jarring and incoherent look."
STMS2157,Jagveer Dining Set,https://secure.img1-fg.wfcdn.com/lf/unprocessed/hash/0/240228220/1/c.jpg,ZSTH1188,"Aveon 19.3"" H Mid Century Modern Tufted Leather Side Dining Chair with Steel Frame",https://secure.img1-fg.wfcdn.com/lf/unprocessed/hash/0/278605809/1/c.jpg,No,No,"The warm, organic wood and fabric of the dining set clash with the cool, industrial aesthetic of the metal and faux leather cantilever chair. The silhouettes and material palettes are too dissimilar to create a cohesive look."
EDNI1100,"6 - Light Round Drum Hemp Rope Rattan Boho Chandelier, Natural Rattan Bohemian Pendant Light For Kitchen Island, Living Room-18.89""W x 68.69""H",https://secure.img1-fg.wfcdn.com/lf/unprocessed/hash/0/359838816/1/c.jpg,TSYA1227,Jennylee  63'' Kitchen Pantry (CB-03),https://secure.img1-fg.wfcdn.com/lf/unprocessed/hash/0/308899313/1/c.jpg,No,No,"The natural, woven, Bohemian style of the rattan chandelier conflicts with the clean-lined, modern aesthetic of the white and black pantry. The organic texture and relaxed feel of the light fixture clash with the sharp, geometric form and high-contrast color scheme of the cabinet."
BCHH9004,Werts Handmade Tufted Farmhouse Jute Tasseled Brown Rug,https://secure.img1-fg.wfcdn.com/lf/unprocessed/hash/0/236534542/1/c.jpg,RVAU1037,"Manganaro 70.9"" Kitchen Pantry with Microwave Shelf, Rattan Sideboard Buffet with Charging Station",https://secure.img1-fg.wfcdn.com/lf/unprocessed/hash/0/286235409/1/c.jpg,Yes,Yes,"Both products share a strong bohemian aesthetic, characterized by the use of natural, woven materials—jute in the rug and rattan in the pantry doors. The warm, earthy tones of both pieces would create a cohesive and texturally rich look in a kitchen or dining space."
HRTD1090,White metal base marble countertop island,https://secure.img1-fg.wfcdn.com/lf/unprocessed/hash/0/300254143/1/c.jpg,MGCH1084,4 Piece Kitchen Canister Set,https://secure.img1-fg.wfcdn.com/lf/unprocessed/hash/0/101960073/1/c.jpg,Yes,Yes,"The dark, minimalist canisters would create a striking and stylish contrast against the white marble top of the modern kitchen island. The bamboo lids add a touch of warmth that complements the sleek materials of the island, creating a cohesive and contemporary kitchen aesthetic."
OCAB1816,Scandinavian Kitchen Island,https://secure.img1-fg.wfcdn.com/lf/unprocessed/hash/0/350566154/1/c.jpg,LGLY5695,Millie 4 - Person Dining Set,https://secure.img1-fg.wfcdn.com/lf/unprocessed/hash/0/43299445/1/c.jpg,No,No,"The industrial style of the kitchen island, characterized by its black metal frame, fluted glass, and stone top, clashes with the warm, organic Mid-Century Modern aesthetic of the wooden dining set. The cool, hard-edged materials of the island conflict with the warm wood and soft curves of the dining table and chairs, resulting in a visually jarring and incoherent pairing."
HCHO2405,60'' Kitchen Pantry with 3 Drawers,https://secure.img1-fg.wfcdn.com/lf/unprocessed/hash/0/283800180/1/c.jpg,ODAA1026,"Aisaiah Farmhouse 54"" Coffee Bar Wine Cabinet,Kitchen Storage Buffet Cabinet With Sliding Barn Door With 3 Drawers & 12 Wine Glass Rack",https://secure.img1-fg.wfcdn.com/lf/unprocessed/hash/0/297828486/1/c.jpg,Yes,Yes,"Both pieces share a strong farmhouse aesthetic, characterized by their X-brace barn door designs and black metal hardware. Although the wood finishes are different (gray vs. antique white), these colors are complementary and commonly paired in modern farmhouse design, creating a cohesive and intentionally styled space."
CDSD1172,Bunkhouse Western Red Cedar Wood Storage Shed,https://secure.img1-fg.wfcdn.com/lf/unprocessed/hash/0/46234011/1/c.jpg,MTAL1108,"Six Burner Island In All 304 BLACK S/S With White Granite Toppped Cabinets, Infrared Rear And Side Burners. The Grill Includes A Rotis Kit, Full Lighting System Inside The Grill, Color Changing On-Off LED Lights On The Knobs And A Granite Chopping Board.",https://secure.img1-fg.wfcdn.com/lf/unprocessed/hash/0/235074374/1/c.jpg,No,No,"The rustic, warm wood aesthetic of the cedar shed directly conflicts with the sleek, modern, and industrial look of the black stainless steel and white granite outdoor kitchen. Their styles, materials, and color palettes are fundamentally different, which would create a jarring and incoherent outdoor space."
MIPN2592,Rustic Grizzly Bear Wall Décor,https://secure.img1-fg.wfcdn.com/lf/unprocessed/hash/0/84863014/1/c.jpg,VPE10056,Backyard Discovery Sweetwater Indoor/Outdoor Cedar Playhouse with Kitchen,https://secure.img1-fg.wfcdn.com/lf/unprocessed/hash/0/109310952/1/c.jpg,Yes,Yes,"Both items share a rustic, cabin-like aesthetic, combining natural wood tones with dark gray/black accents. The bear wall art would be a perfect thematic decoration for the playhouse."
VGX17972,Byrum - Mid-century Modern Wenge Dining Set,https://secure.img1-fg.wfcdn.com/lf/unprocessed/hash/0/306063949/1/c.jpg,MCRW8258,Galligan Upholstered Side Chair,https://secure.img1-fg.wfcdn.com/lf/unprocessed/hash/0/38650414/1/c.jpg,No,No,"While both items are labeled as mid-century modern, their aesthetics clash significantly. The Byrum set features a dark wenge finish and fully upholstered grey chairs, creating a substantial, contemporary look. The Galligan chairs, with their light natural wood finish and black faux leather seats, have a much lighter, more classic Scandinavian-MCM feel. The contrasting wood tones and chair styles would create a jarring and incoherent dining space."
CDMC1013,Art Deco 2.04 ft. x 4.04 ft. Glue-Up Tin Ceiling Tile in Shiny silver,https://secure.img1-fg.wfcdn.com/lf/unprocessed/hash/0/16104675/1/c.jpg,BBRV2470,Ambesonne Leaf Tempered Glass Cutting Board Vintage Art Deco Style Pattern Cream and Black,https://secure.img1-fg.wfcdn.com/lf/unprocessed/hash/0/310583374/1/c.jpg,Yes,Yes,"Both items share a strong Art Deco aesthetic, characterized by bold, repeating geometric patterns. The ceiling tile's classic sunburst and diamond motif and the cutting board's herringbone pattern would create a cohesive and stylish look in a kitchen."
CBXQ7542,Art Deco Blue Golden Tile Elegance 1 II - Geometric Wall Art,https://secure.img1-fg.wfcdn.com/lf/unprocessed/hash/0/285542042/1/c.jpg,BBRV2470,Ambesonne Leaf Tempered Glass Cutting Board Vintage Art Deco Style Pattern Cream and Black,https://secure.img1-fg.wfcdn.com/lf/unprocessed/hash/0/310583374/1/c.jpg,No,No,"Although both items are described as Art Deco and feature geometric patterns, their aesthetics are too different to be compatible. The wall art is ornate and colorful with its blue, gold, and jewel-like details, while the cutting board is a simple, graphic, black-and-cream herringbone pattern. The conflicting color palettes and styles would create a visual clash."
BRWA1049,"Ploch Modern Pendant Light, Dimmable Led Chandelier Kitchen Island Light Fixture With Spotlights, Adjustable Height Hanging Lamp For Dining Room Hallway Bar Pool Table (34w, 6 Leaves)",https://secure.img1-fg.wfcdn.com/lf/unprocessed/hash/0/226155194/1/c.jpg,YBCO1015,Marble Countertop Kitchen Island – Elegant and Functional for Modern Kitchens,https://secure.img1-fg.wfcdn.com/lf/unprocessed/hash/0/328273341/1/c.jpg,Yes,Yes,"Both pieces share a modern aesthetic, a clean white color palette, and elegant gold/brass accents. The sculptural, organic form of the pendant light would create a beautiful, artistic focal point above the clean, rectilinear lines of the kitchen island, resulting in a sophisticated and cohesive contemporary kitchen design."
XTBG8627,Caasi Japandi Walnut Brown Wood Platform Bed,https://secure.img1-fg.wfcdn.com/lf/unprocessed/hash/0/306455760/1/c.jpg,ACIP4612,Micaleb Japandi Style Solid Wood Linen Fabric Dining Chair,https://secure.img1-fg.wfcdn.com/lf/unprocessed/hash/0/288342905/1/c.jpg,No,Yes,"Both pieces share a distinct Japandi and Mid-Century Modern aesthetic, featuring clean lines and a matching walnut wood finish. The dining chair could function perfectly as an accent chair in a bedroom with this bed."
